date,return_day+1,close,volume,volatility_14
2017-05-01,0.020854248372685236,1529.99999999,20038395.802244,0.020240709749007584
2017-05-02,0.034389371467059116,1561.907,11571053.71835,0.0201729236168075
2017-05-03,-0.007255065176127284,1615.62000002,15060856.611379,0.019967165671628085
2017-05-04,-0.03771969916956408,1603.89857162,26329240.648002,0.020404055184723362
2017-05-05,0.035509794414928075,1543.4,32397184.731807,0.024766984849257687
2017-05-06,0.013730511471489182,1598.2058167,21397848.989857,0.025616551876413582
2017-05-07,0.05278792346387662,1620.15,30423501.191191,0.025512061188467907
2017-05-08,0.030978706720828475,1705.6743542,35687457.648562,0.027047744414808002
2017-05-09,0.02359154468527569,1758.51393978,31031382.589537,0.02729386533903421
2017-05-10,0.03339070700055635,1799.99999997,19590186.244489,0.02732856807687253
2017-05-11,-0.06687641425313307,1860.10327257,23108792.967502,0.027478816922249905
2017-05-12,0.04982171429608284,1735.70623556,22671159.462042,0.03467066176949621
2017-05-13,0.0020952375061453754,1822.18209573,15487324.079017,0.03577350496466557
2017-05-14,-0.03006663564622125,1826.0,11894862.005852,0.03592454739477668
2017-05-15,0.008978426957279906,1771.09832331,17995978.976383,0.03519396527440931
2017-05-16,0.04812534957383874,1787.00000024,20535506.520349,0.03508341066713538
2017-05-17,0.03691655056178056,1872.99999994,25413098.858037,0.03599105913928618
2017-05-18,0.012797862440942831,1942.14469914,18368974.30046,0.03618241621408553
2017-05-19,0.054705876588079905,1966.99999984,21303398.31478,0.032963169906502304
2017-05-20,-0.021019147462472354,2074.60645908,18428479.181757,0.03412694063598011
2017-05-21,0.029049729232048405,2030.99999999,19641402.589295,0.035790679585796625
2017-05-22,0.07411241954332692,2090.00000006,32492458.446294,0.03449727514303599
2017-05-23,0.06419233239240474,2244.89495691,23111448.180548,0.037786373860470665
2017-05-24,-0.0749267476589629,2389.00000017,34548265.730881,0.03973492668758774
2017-05-25,-0.035824460253393586,2210.0,71553361.438062,0.04704336354090994
2017-05-26,-0.07417865125671885,2130.82794284,64314551.745563,0.043570037773202695
2017-05-27,0.04274911471043952,1972.76599998,92665867.003232,0.048420599870204986
2017-05-28,0.07286957366645841,2057.10000001,53655830.894775,0.04932838501886571
2017-05-29,-0.03035795197553237,2207.0,33996389.987358,0.05060228866053703
2017-05-30,0.02663551386928331,2139.99999999,40157964.723235,0.052152643361117544
2017-05-31,0.05352537649415723,2196.99999967,32306413.202331,0.05138891463086135
2017-06-01,0.04035467890852984,2314.59525181,40944880.757948,0.052176784107795963
2017-06-02,0.019643209451827293,2408.0,22364557.424392,0.052650423352196496
2017-06-03,0.011505372817701254,2455.30084836,23687278.961569,0.0514808447415616
2017-06-04,0.061124809587082884,2483.55,21332021.248219,0.050536017955567725
2017-06-05,0.07992978463576517,2635.35652085,22372229.837905,0.05189807631430414
2017-06-06,-0.07044824008432882,2846.0,81923184.446165,0.05240308986282612
2017-06-07,0.05386333744016647,2645.50430872,49070430.356723,0.055604656643857754
2017-06-08,0.010078815233142135,2788.0,34013412.940554,0.051171795241905564
2017-06-09,-0.0015196609672485373,2816.09973687,25275425.99678,0.04888002535481428
2017-06-10,0.04455469061927042,2811.82022002,30620792.046735,0.041228448931092496
2017-06-11,-0.12462969110346933,2937.1,30830678.595825,0.041286224327259875
2017-06-12,0.04112115944811379,2571.05013426,88704710.63544,0.0555285856053248
2017-06-13,-0.1083370921500586,2676.77469678,42251296.767639,0.05456787226985215
2017-06-14,-0.005157902814240223,2386.78070979,63183088.135901,0.06395551088905073
2017-06-15,0.02549203612795381,2374.46992685,104677533.97412,0.06264567357033077
2017-06-16,0.07069720563009985,2435.00000001,43479966.625069,0.062100660089582045
2017-06-17,-0.04405108920700518,2607.14769572,36800919.715181,0.06462256672772294
2017-06-18,0.03641098393451814,2492.3,46411759.478332,0.06597042023239373
2017-06-19,0.03288864067011876,2583.04709526,28294406.623223,0.06459260271779746
2017-06-20,-0.01799100560563982,2668.00000301,36903854.052626,0.061285759930173024
2017-06-21,0.02037266025572526,2620.0,43815656.010359,0.05836488785061849
2017-06-22,-0.0012629609164100941,2673.37636987,22304647.568062,0.05669205632716919
2017-06-23,-0.06236627772659176,2670.0,13090231.864388,0.056595844938951895
2017-06-24,-0.008656040042229973,2503.48203847,34088563.732193,0.058828246108122303
2017-06-25,-0.03486278768607054,2481.8117977,41560204.433619,0.05695893994815583
2017-06-26,0.0478902896122575,2395.28891992,73840480.752938,0.04735213672761048
2017-06-27,0.0011952191314739125,2510.0,62426319.778939,0.04787969342849167
2017-06-28,-0.017717977250157335,2513.00000002,39676839.183427,0.037184860176966615
2017-06-29,-0.018154261483418366,2468.47472319,31738707.57099,0.037580750764707654
2017-06-30,-0.031819219782333596,2423.6613876,22464915.807933,0.03741992488357749
2017-07-01,0.03775805625791495,2346.54237323,27320209.019652,0.03226247108913476
2017-07-02,0.04160513219898543,2435.14325217,24458197.645721,0.032445417461508044
2017-07-03,0.02623433884242088,2536.4577091,32364235.437645,0.032934168035006824
2017-07-04,-0.0015366477640592624,2603.0000001,7872389.9394885,0.03245519537114758
2017-07-05,-0.003483800308126672,2599.00010597,19375861.158388,0.03209905836499763
2017-07-06,-0.0436092958338703,2589.9457086,13985440.225324,0.03155761914308362
2017-07-07,0.029177445482438502,2477.0,30327873.809744,0.03347360037546955
2017-07-08,-0.029874324102378114,2549.27253246,22059814.777304,0.030143877529750455
2017-07-09,-0.0635290939590375,2473.1147386,14494306.767811,0.031219685521737817
2017-07-10,-0.01381885865284982,2316.0,45871920.07411,0.034467380575153445
2017-07-11,0.040249411901106535,2283.99552336,57419123.935356,0.031429378901391955
2017-07-12,-0.020479542885747493,2375.92499996,40112388.629013,0.03378632410939832
2017-07-13,-0.05214693219710986,2327.26714203,32875535.077485,0.0338838548440799
2017-07-14,-0.10354347172811729,2205.90730017,33293525.850205,0.03614465461475867
2017-07-15,-0.026093552520859764,1977.5,59275252.46186,0.044246915297632826
2017-07-16,0.15447483384754768,1925.89999989,66403515.271259,0.04204683445849433
2017-07-17,0.034450306292644006,2223.40308238,59429221.78286,0.06061588761530375
2017-07-18,-0.021739130377882887,2299.99999958,74187365.781234,0.06100833099787063
2017-07-19,0.2688888890467951,2249.99999972,53165309.176763,0.06110480598332836
2017-07-20,-0.06595480573029777,2855.0,115996549.015,0.09615585234665767
2017-07-21,0.06761204333746673,2666.69902964,74807686.659492,0.09730856477012154
2017-07-22,-0.03356837567615034,2847.0,58251215.17102,0.09844829424559014
2017-07-23,0.006517627732257614,2751.43083445,45486459.59329,0.09857413105618072
2017-07-24,-0.07343334555634495,2769.36363636,32987032.014307,0.09620735627313425
2017-07-25,-0.015451813233840594,2565.99999948,102645701.46694,0.09894591346733726
2017-07-26,0.05686041700344857,2526.35064673,52104922.715903,0.0988648412179401
2017-07-27,0.04493677981643218,2669.999998,36320872.791147,0.09927859831506787
2017-07-28,-0.02544146175231965,2789.98120002,54072388.339692,0.09767585853314481
2017-07-29,0.012504597267239737,2719.00000003,25901757.130231,0.09208606510566904
2017-07-30,0.037050490374137324,2753.0,22700308.589035,0.09095878269332422
2017-07-31,-0.04151219444133103,2855.0,29353388.684545,0.08365202679077705
2017-08-01,-0.013697395228276621,2736.48268487,52056978.710515,0.08515866103525263
2017-08-02,0.03552797330492763,2699.0,23714653.950686,0.08491478719217856
2017-08-03,0.024373051730557815,2794.88999995,15339545.638192,0.044995074549291594
2017-08-04,0.1374520723490933,2863.0099985,17359065.526864,0.041216429208371465
2017-08-05,-0.008455810245429851,3256.53665595,61195311.48266,0.05206261061227972
2017-08-06,0.05264787861990894,3228.99999993,28805789.40803,0.05083199578539558
2017-08-07,0.003530450135344365,3398.99999999,29894673.359708,0.05188741838008785
2017-08-08,-0.02247551488419819,3411.0,38268744.516578,0.045354197504294654
2017-08-09,0.024451667154126167,3334.33601873,33829413.320405,0.04583016341546832
2017-08-10,0.06600698053890564,3415.86609324,21173252.151403,0.04468086568693817
2017-08-11,0.03464878326994025,3641.33709998,26030562.907956,0.04597117746431062
2017-08-12,0.06834629284687099,3767.50499997,10854285.361622,0.04415743975046923
2017-08-13,0.040000000000000036,4025.0,68906069.908798,0.045498825013516674
2017-08-14,-0.008838987099856643,4186.0,18614859.766028,0.045548658208399075
2017-08-15,0.05591708845263921,4149.0,80209337.179699,0.04240688906698582
2017-08-16,-0.027162748228776956,4380.99999999,40427286.664403,0.04081866355487403
2017-08-17,-0.040356640075082106,4262.0,47385213.473242,0.04416832762291199
2017-08-18,0.011643188036674745,4090.0,53465748.50672,0.048173620543676604
2017-08-19,-0.015170919075391254,4137.62063907,60390800.933055,0.03619769317389806
2017-08-20,-0.019841012159483085,4074.84913119,27106681.999013,0.036615167037849033
2017-08-21,0.017655883818094686,3994.00000003,39085823.926302,0.03636734920091406
2017-08-22,0.017586933317744746,4064.5176,62015463.992713,0.036304429994102556
2017-08-23,0.044729206963249446,4136.0,42682951.088524,0.034824696752032
2017-08-24,0.007174265426984627,4321.0,31337716.371695,0.0356131698490281
2017-08-25,0.000677849055464641,4352.00000091,30468459.336863,0.03281147759892014
2017-08-26,-0.007642194201999852,4354.95,23976332.051985,0.03236506308916179
2017-08-27,0.013499733016119508,4321.66862636,19857203.619393,0.028074288831559307
2017-08-28,0.04794281315749105,4380.009999,32598240.17618,0.026410021757860443
2017-08-29,-0.0036171114182926845,4590.00000001,31750225.494503,0.028626110580240692
2017-08-30,0.030996052235397364,4573.3974586,23325733.047973,0.025104668585144943
2017-08-31,0.03899029534928378,4715.15472512,23692351.824155,0.02446823453106826
2017-09-01,-0.07919983678970721,4899.00000047,41131095.695636,0.021539851684950508
2017-09-02,0.02066726889824877,4511.0,88448299.7225,0.03278733519668631
2017-09-03,-0.08584063909664974,4604.23005,44240707.04095,0.0323445635478645
2017-09-04,0.04204274980557887,4208.99999996,81228486.311874,0.04065441257629828
2017-09-05,0.04629564041894718,4385.95793389,59766471.945184,0.0417666553176724
2017-09-06,0.005374127376689408,4589.00866529,37845268.4055,0.043049230401358725
2017-09-07,-0.06775418167979985,4613.67058239,28578683.165968,0.04175553035364862
2017-09-08,0.004647361420161644,4301.07510754,74450350.712083,0.046103589825364354
2017-09-09,-0.021074384262472434,4321.06375806,25031316.480883,0.046119132085338216
2017-09-10,-0.007042553189125278,4230.0,37275561.787996,0.04643919966710833
2017-09-11,-0.013432952664239495,4200.21000001,27663201.714656,0.0462870415021397
2017-09-12,-0.06752003852179744,4143.7887779,32206815.425438,0.044048469313395275
2017-09-13,-0.1653726707561216,3863.99999999,59770375.786067,0.04695796819812896
2017-09-14,0.14604651156038795,3225.00000019,96664634.780868,0.060771203455004925
2017-09-15,-0.0026525560633117173,3696.0,139231789.90144,0.07459757843272076
2017-09-16,-0.0022243531597725408,3686.19615279,50749399.288485,0.07248682014025323
2017-09-17,0.10875573753310364,3677.99675073,29313504.897916,0.07195360993708508
2017-09-18,-0.04364884747425213,4078.0,43856927.245025,0.07560014486961403
2017-09-19,-0.006164713053846138,3900.0,33325193.431471,0.07544107371178492
2017-09-20,-0.07119727463500747,3875.95761909,20882425.703425,0.07394862540862684
2017-09-21,-0.0027777777805477744,3600.00000001,36493119.009385,0.07558283744182076
2017-09-22,0.054317548743732624,3590.0,31037034.319058,0.07406758363945933
2017-09-23,-0.033169089289387554,3784.99999999,18063911.355514,0.0760010266296034
2017-09-24,0.07282559920979836,3659.45499703,10850221.916853,0.07624517351873257
2017-09-25,-0.011520248431235003,3925.95699997,24529373.544617,0.0792182752504923
2017-09-26,0.08278624969689985,3880.729,15261636.181233,0.07919845101965106
2017-09-27,-0.0028537868134220767,4202.0,28598100.132058,0.07978039532393545
2017-09-28,-0.005236387729874781,4190.00838781,26059130.215439,0.06238333017557066
2017-09-29,0.047247819964264526,4168.0678793,24329621.970669,0.05105836577247568
2017-09-30,0.010949252297672851,4365.00000006,16074622.837572,0.05185747032177955
2017-10-01,-0.002672567020529537,4412.79348634,13036065.405006,0.051671982085385586
2017-10-02,-0.020931606453078788,4401.0,16503106.174588,0.04402013523807755
2017-10-03,-0.02218199943140675,4308.88,17628673.696058,0.042425160423815965
2017-10-04,0.02462797192493804,4213.30042629,12156970.632115,0.04304711681679099
2017-10-05,0.012640708978783,4317.0654709,14102080.415096,0.036860230291567105
2017-10-06,0.015638025924393117,4371.63623916,9684440.082593,0.036560041889340596
2017-10-07,0.03851351355630617,4440.0,12568479.037771,0.03475898348500943
2017-10-08,0.03831219904635019,4611.00000019,19782392.987906,0.032817193169456124
2017-10-09,-0.0036881397250310144,4787.65755,28600172.201272,0.029433431940712993
2017-10-10,0.010482180295597443,4770.0,22146485.271026,0.02896819025840418
2017-10-11,0.1289532365142554,4820.00000001,11401863.434754,0.021471973777493204
2017-10-12,0.03768675655475784,5441.55460001,42509665.702337,0.037948709276506204
2017-10-13,0.03295707080466226,5646.6291435,65662685.365964,0.03753024300218311
2017-10-14,-0.02018361741696939,5832.72549999,20431178.047336,0.036997126399076215
2017-10-15,0.008748906386701671,5715.0,36914135.984565,0.03858306078013399
2017-10-16,-0.02699271156808336,5765.0,31343494.34654,0.03820166431450536
2017-10-17,-0.008269534252623112,5609.38701781,26958951.01156,0.03873324096514571
2017-10-18,0.024025682406343174,5562.99999973,42728638.503172,0.03774241353933192
2017-10-19,0.0518453611357268,5696.65487095,22373731.47278,0.037737902081329745
2017-10-20,0.0028936321695594014,5992.0,31671110.599309,0.0385453781373975
2017-10-21,-0.0075972260268419856,6009.33864396,33916718.483332,0.03889249748499504
2017-10-22,-0.010678690619613351,5963.68434001,29397655.89187,0.03938328027176836
2017-10-23,-0.0663118644051971,5899.99999999,39264109.488824,0.03973198266025207
2017-10-24,0.036405652090488516,5508.76,39942309.385756,0.04523064284889458
2017-10-25,0.029896782623416884,5709.31000001,23695905.619236,0.04572454307384786
2017-10-26,-0.021001397360508545,5880.00000001,24489995.607452,0.03203363491742072
2017-10-27,-0.006516408710796839,5756.51178353,18054468.287269,0.03140624112339497
2017-10-28,0.0762371043888792,5719.0,11070228.503588,0.03014415698298187
2017-10-29,-0.004874086108854536,6155.0,33176735.611668,0.03588717279100621
2017-10-30,0.05306475566204094,6125.0,17545716.861177,0.0359887094811753
2017-10-31,0.04492536417130322,6450.02162843,24118456.124153,0.03687509617364759
2017-11-01,0.04231715680484527,6739.791199,30821269.442537,0.03751064026495288
2017-11-02,0.014143772216369976,7025.0,74401788.913629,0.03818232950399659
2017-11-03,0.033917432608136844,7124.35999982,42603430.778345,0.03674372888836253
2017-11-04,0.0017876916997037196,7365.99999999,36762707.584537,0.03701762995226108
2017-11-05,-0.06087376076371365,7379.16813705,32231637.398836,0.03665466345027456
2017-11-06,0.022352624039379654,6929.97042124,47092577.364804,0.041583342868521445
2017-11-07,0.04589024177483303,7084.87344467,29114065.737518,0.03489251532050231
2017-11-08,-0.05263157894608994,7409.99999999,68447769.287297,0.035351810086842926
2017-11-09,-0.06791962712962962,7020.0,44561094.134016,0.040033355618896614
2017-11-10,-0.03716897853924295,6543.20421755,90827394.139463,0.04481974705011579
2017-11-11,-0.07380952387138706,6300.00000041,82349719.452908,0.04641576904335593
2017-11-12,0.1098163901475746,5834.99999999,170040869.59164,0.04675470266956773
2017-11-13,0.012220866784101947,6475.7786365,113649124.66403,0.05557486040004538
2017-11-14,0.10987184071478917,6554.91826454,44315475.662529,0.05392874190839749
2017-11-15,0.08011989687261756,7275.1192,67128214.469818,0.06027872926739316
2017-11-16,-0.02169647030703259,7858.00100004,83626670.641329,0.0627710315830678
2017-11-17,0.01073037746936878,7687.51011467,69824314.893926,0.0633103998331995
2017-11-18,0.03732303732303732,7770.0,44817158.422224,0.06286156623977385
2017-11-19,0.023449131514888366,8060.0,41462129.384962,0.06340992564090367
2017-11-20,-0.017214207783952995,8249.00000001,34280280.986163,0.06027567095607605
2017-11-21,0.013154750842481855,8107.0,67393997.555178,0.060788520426610364
2017-11-22,-0.026011052386811784,8213.64556508,35871100.193125,0.059982202831790746
2017-11-23,0.02486625000000009,8000.0,44926073.522192,0.05827521547964961
2017-11-24,0.06221177641472719,8198.93,57726796.506578,0.05371724857563749
2017-11-25,0.06606230193018714,8709.0,55753752.55269,0.05248279888652089
2017-11-26,0.04595518576889801,9284.33658751,69116873.941227,0.04509168015265361
2017-11-27,0.017399727990705216,9711.00000013,79743097.65321,0.03982375812907717
2017-11-28,-0.018013089210852762,9879.96875865,61246815.565514,0.03966891207908031
2017-11-29,0.021199424896928498,9702.0,255694366.39002,0.034338068470739454
2017-11-30,0.07995941753195113,9907.67682035,139091071.86224,0.029899515682193397
2017-12-01,0.018308357811051668,10699.888888,76715777.337918,0.032021035961472266
2017-12-02,0.025625843824927053,10895.7862823,73453885.354546,0.031836391651279786
2017-12-03,0.038031319917945616,11174.99999992,118265649.11227,0.031638259340776936
2017-12-04,0.005615409969827567,11600.0,62134737.343657,0.031855601888451636
2017-12-05,0.1642300767148699,11665.13875565,56783902.300805,0.030055867682701683
2017-12-06,0.2196173200810272,13580.90538838,141297888.00586,0.04709416917446764
2017-12-07,-0.04321725974526702,16563.50743405,244169690.64637,0.06423530086090232
2017-12-08,-0.07303645305118711,15847.67803098,230420652.31763,0.06909199588631712
2017-12-09,0.014689709879252222,14690.2198385,137360332.40278,0.07635851873036062
2017-12-10,0.1055241863053491,14906.01490599,162397487.41352,0.07627266201986749
2017-12-11,-0.015229116406617837,16478.96,141877409.19868,0.07844820301132396
2017-12-12,-0.019780626072342655,16227.9999999,144285571.10476,0.0796826768873872
2017-12-13,0.031088765970327614,15907.0,150292580.36163,0.07978097083068998
2017-12-14,0.06941249195059007,16401.52900029,137992588.72553,0.07965796535880695
2017-12-15,0.09595210946408206,17540.0,150193595.85286,0.07929378956780611
2017-12-16,-0.013723144167403611,19223.0,117335298.74412,0.08046936552125193
2017-12-17,-0.0015119809834011066,18959.19999967,140092326.44647,0.08184276057108421
2017-12-18,-0.08560424368145425,18930.53404981,152446347.02492,0.0826452493542696
2017-12-19,-0.04852686308437226,17309.99999999,193311486.52772,0.08880723351071285
2017-12-20,-0.07146326654523372,16470.0,234537121.84674,0.08241847724427069
2017-12-21,-0.13378250240371414,15293.0,186951564.06661,0.061349522907808235
2017-12-22,0.044004905605234734,13247.06419074,396038503.84234,0.06997582256331625
2017-12-23,-0.02263195950180763,13830.0,162555092.92983,0.0689038530369057
2017-12-24,0.00895169043642774,13517.00000009,172488515.64539,0.06892761403178754
2017-12-25,0.15120147714638055,13637.99999972,83950439.713653,0.061473911469799705
2017-12-26,-0.02102381798106545,15700.085745,125250306.98157,0.0752691242481768
2017-12-27,-0.06913880644250125,15370.01000001,124139342.61595,0.0752953100119019
2017-12-28,-0.0001266222700239128,14307.3458536,130806984.96319,0.0768773588997393
2017-12-29,-0.1365628290404769,14305.53422499,100213730.25999,0.07374372952921983
2017-12-30,0.11475226813030215,12351.93000029,164673298.68738,0.0737540288264378
2017-12-31,-0.03032843382836181,13769.34198361,94241790.44347,0.08313872316087402
2018-01-01,0.10382621705045514,13351.7394064,78833063.078719,0.0830186802889949
2018-01-02,0.027954946396371305,14738.00000001,109224074.69754,0.08709498630064447
2018-01-03,-0.00995146594719476,15150.0,106036383.51469,0.08674982064576173
2018-01-04,0.12832418931835488,14999.2352909,100946549.73787,0.0845147556574414
2018-01-05,0.013869510137674235,16924.0,127071935.80705,0.08109892288348758
2018-01-06,-0.0573640447837348,17158.72758957,76125226.327979,0.08083114797361794
2018-01-07,-0.07738279376229329,16174.43357169,72935547.105704,0.08270229058541337
2018-01-08,-0.035834280100084936,14922.81071439,132386233.27782,0.08640632954065412
2018-01-09,0.03238361408873436,14388.06253537,79106643.468573,0.07679682181476417
2018-01-10,-0.10517869410865766,14854.0,109754014.55468,0.07718483153149035
2018-01-11,0.0391863056201005,13291.67567771,131799939.74552,0.0802207758809029
2018-01-12,0.028414253606406925,13812.52734302,67634697.851652,0.08098555327802943
2018-01-13,-0.04540654684870171,14204.99999789,46584640.495383,0.07087100598817511
2018-01-14,0.001474926253687281,13560.0,65638686.272321,0.06581282218148203
2018-01-15,-0.18242282908836527,13580.0,53535285.42452,0.06519823226525857
2018-01-16,-0.005996979871384589,11102.69798098,198203240.6128,0.07530358294020387
2018-01-17,-0.0023663430384441853,11036.11532467,170671826.8403,0.0742743823261148
2018-01-18,0.0363795782021652,11010.00009,119824231.84062,0.07437860238489395
2018-01-19,0.11740335851125794,11410.53924928,60647072.418535,0.06363763101316122
2018-01-20,-0.09726728388307604,12750.17487957,83448831.482163,0.07379830134611191
2018-01-21,-0.06455256298870549,11510.0,77777897.885063,0.07615452387203248
2018-01-22,0.0037865686635087936,10767.0,92371635.394113,0.07550063083816473
2018-01-23,0.05376039793751697,10807.7699848,72381369.277563,0.07561483896651662
2018-01-24,-0.019171038525568895,11388.8,53417007.865987,0.07690319691024514
2018-01-25,-0.008160363552304761,11170.46487644,43995430.318203,0.07253499964190303
2018-01-26,0.036216296252790325,11079.309822,68040992.544272,0.07116773339221687
2018-01-27,0.03217948132664761,11480.56138879,44932560.260247,0.07154779217211144
2018-01-28,-0.0525738316369081,11849.99989962,48878713.473869,0.07181505708460166
2018-01-29,-0.09312021466910136,11227.0,35761454.807131,0.07276782376506624
2018-01-30,0.00782959220804913,10181.53934991,67375546.228963,0.059232164131722255
2018-01-31,-0.10346555856677575,10261.25665107,42316889.544944,0.05932110598116606
2018-02-01,-0.03560709902500958,9199.57000007,57494536.756159,0.06504388453514964
2018-02-02,0.03881992118986766,8872.00000009,100201900.72844,0.06386469537193283
2018-02-03,-0.1137536526763151,9216.41034089,51414495.727375,0.05392650380239278
2018-02-04,-0.14789526458006352,8168.01000005,53690353.476276,0.055853348703725346
2018-02-05,0.10977011477586207,6960.0,120383256.53706,0.06443881154176172
2018-02-06,-0.02014509539789855,7723.99999884,153123114.49307,0.07405153595586297
2018-02-07,0.09005876838582716,7568.39928201,92900223.399824,0.07087165723648611
2018-02-08,0.052401625099393945,8250.0,57792265.352506,0.07743299320857815
2018-02-09,-0.01403911741434516,8682.31340707,42846194.616737,0.07971669392240692
2018-02-10,-0.05728939819585699,8560.42138972,53070135.402707,0.07839059395305675
2018-02-11,0.10408921933085491,8070.0,36772320.677687,0.0776438908056345
2018-02-12,-0.045946312756453445,8910.0,33126284.390374,0.08425058646149236
2018-02-13,0.1140366017254637,8500.61835334,31293751.677267,0.08170570321217888
2018-02-14,0.05638859747023406,9469.99998292,37263750.946118,0.088131855590388
2018-02-15,0.015693723024789996,10004.0,51604899.336311,0.0842545062379376
2018-02-16,0.08739297258250178,10161.00000514,30062234.361222,0.08325857920956024
2018-02-17,-0.06063897185175127,11049.0,41193022.43693,0.08540117468003705
2018-02-18,0.07486270352049829,10379.00000001,51229772.144017,0.08019130160786388
2018-02-19,0.005482707522483032,11155.99999985,33452377.076487,0.06489738853188902
2018-02-20,-0.06918901335328576,11217.16508497,51451610.460097,0.06170862961375065
2018-02-21,-0.0570365833952553,10441.06050012,66377090.386978,0.06594395185510943
2018-02-22,0.030846655137111822,9845.53808217,56575837.76165,0.06653694639956628
2018-02-23,-0.0442634128297954,10149.24000003,44982531.925189,0.06584394240258042
2018-02-24,-0.014515692830927907,9700.0,41772803.848891,0.06728510759865161
2018-02-25,0.08147661298388575,9559.19777954,24996319.767008,0.06487207141433839
2018-02-26,0.02429138291260946,10338.04883746,37444837.677279,0.06270406838605416
2018-02-27,-0.025224539264826595,10589.17434034,36852886.425201,0.06043954053093962
2018-02-28,0.05955369054741566,10322.06729641,33726412.58637,0.054494592195479814
2018-03-01,0.007813933605046897,10936.78449799,27817545.131465,0.05471893728123284
2018-03-02,0.0379919190787148,11022.24380591,25434092.038258,0.0546716316265028
2018-03-03,0.005209789299590373,11441.00000065,23739477.586728,0.05053568095793884
2018-03-04,-0.005704499893608217,11500.60520003,17647922.485175,0.047032274216934546
2018-03-05,-0.061300857257371555,11434.99999889,24901651.745496,0.04303040008610606
2018-03-06,-0.07680442168074386,10734.02469622,37276267.358262,0.04626895517185999
2018-03-07,-0.06333859830877309,9909.60413712,57144246.840109,0.04715406450894917
2018-03-08,-0.005543562368613197,9281.94370128,43154941.918718,0.04773922311707955
2018-03-09,-0.05088699898688498,9230.48866747,56492671.164133,0.046726279846241524
2018-03-10,0.08706468818153201,8760.7768,34485772.01441,0.047177695261552945
2018-03-11,-0.04433495263913323,9523.53110032,35047641.116825,0.05322615263782537
2018-03-12,0.002164673898764402,9101.30580003,40200145.324384,0.049059009039486616
2018-03-13,-0.10229212126920095,9121.00715914,29690956.609377,0.048291046115581826
2018-03-14,0.008771667242176706,8187.99998872,48654884.610393,0.05424407751207219
2018-03-15,-0.00014027770863433986,8259.8224,47669036.289991,0.05043742716430019
2018-03-16,-0.04948303313331992,8258.66373104,30293485.734963,0.05016035213020625
2018-03-17,0.04458598726114649,7850.0,32809486.258088,0.04788133039110744
2018-03-18,0.05012195121951213,8200.0,49270227.628786,0.0508845926121229
2018-03-19,0.03203908913482767,8611.0,30867203.249579,0.05438273978458976
2018-03-20,0.002116868010174411,8886.88859654,31096079.368649,0.05447614895389331
2018-03-21,-0.021749412385821176,8905.70096672,26892421.625438,0.05124232875931808
2018-03-22,0.02246242359675943,8712.00720381,25848434.005773,0.04883449167639614
2018-03-23,-0.04202949031961123,8907.7,23230776.098734,0.049311105285071315
2018-03-24,-0.009199176631305095,8533.31390908,20316440.529555,0.04868007292343546
2018-03-25,-0.040011688389309796,8454.81444718,17290811.19398,0.041604387858661294
2018-03-26,-0.04112676468764054,8116.52304613,26434106.321788,0.041326189646238555
2018-03-27,0.020669787847587218,7782.71671273,21593823.746428,0.04217196176960937
2018-03-28,-0.10866393153111276,7943.58381606,13849708.705977,0.03347470852832343
2018-03-29,-0.03427452520657448,7080.40276816,34489532.902819,0.04378941396888522
2018-03-30,0.014062261332478787,6837.72532501,35027751.490543,0.04414529493275848
2018-03-31,-0.015987991889571007,6933.87920545,18957202.511776,0.04330545665719912
2018-04-01,0.03457028308711463,6823.02040095,22954922.432952,0.040596354427948955
2018-04-02,0.05006112622671055,7058.89414772,14808465.741363,0.03893710742872291
2018-04-03,-0.08665701885142696,7412.27033867,19811522.405184,0.0408067232000402
2018-04-04,0.0007466695407634116,6769.9450882,22349003.475062,0.04510242143372297
2018-04-05,-0.023830902211105287,6774.99999999,18492360.409472,0.045374576631641045
2018-04-06,0.041801233051456554,6613.54563751,13065306.229829,0.04395690228015253
2018-04-07,0.020319303338171224,6890.0,14149413.865074,0.0463853918593574
2018-04-08,-0.03818808185348499,7030.0,8340252.1463294,0.04728892324877384
2018-04-09,0.010716824742939446,6761.53778457,15617695.07127,0.047208340804465586
2018-04-10,0.019382508412350008,6834.0,7405417.2814759,0.046770092088135824
2018-04-11,0.13831126962861018,6966.46006249,7697428.1286448,0.0467102180467035
2018-04-12,-0.00693568708197434,7929.99999855,34359542.262921,0.052197788604266854
2018-04-13,0.015365079342222199,7875.0,30649592.704763,0.05093596077876834
2018-04-14,0.045022511279152466,7995.99999982,12958802.284693,0.0509425610752081
2018-04-15,-0.03542364767831496,8356.0,17196145.752657,0.05102844037948859
2018-04-16,-0.020955334987593055,8060.0,17449234.947984,0.05245303638293971
2018-04-17,0.034607420703070435,7891.1,12532418.654109,0.05179006304010536
2018-04-18,0.015042444028267266,8164.19061751,14237112.456389,0.0448299064519082
2018-04-19,0.06914444337329706,8286.99999791,11710389.14802,0.04465863492728178
2018-04-20,0.00812641066139963,8860.0,22050729.04556,0.0452887401892038
2018-04-21,-0.015673981123392133,8931.99999846,23340304.852188,0.04505066341901298
2018-04-22,0.016262259271474067,8791.99999909,11823357.130444,0.046023577203799446
2018-04-23,0.07819305050554681,8934.97778259,9447143.885438,0.043212385845842
2018-04-24,-0.08030273129579579,9633.63095161,25024653.314253,0.04567849978191539
2018-04-25,0.04807841632787957,8860.0240739,38461430.043163,0.053795356552130975
2018-04-26,-0.03941309497200085,9286.0,21137393.154648,0.04259179083564139
2018-04-27,0.04604829560010071,8920.01000009,18317132.706367,0.04455249885834235
2018-04-28,0.009971184179309311,9330.76125733,12877750.857104,0.04558670605618773
2018-04-29,-0.021754182564271862,9423.79999636,13342531.648018,0.044588358149121946
2018-04-30,-0.016034595774062077,9218.79293079,8793026.5439363,0.04366793223284469
2018-05-01,0.019185007097075824,9070.97331262,13794052.732076,0.04341410774541885
