,date,count_comments,mean_sa
0,2017-05-01,1262,0.10072630242210737
1,2017-05-02,1600,0.10850620542587132
2,2017-05-03,1353,0.11065212344772778
3,2017-05-04,1766,0.10243451541887444
4,2017-05-05,1689,0.09954699978518165
5,2017-05-06,1471,0.09187691405898929
6,2017-05-07,1338,0.09801574706696978
7,2017-05-08,1525,0.10198199242906789
8,2017-05-09,1923,0.10026754523897385
9,2017-05-10,1873,0.09679611100473666
10,2017-05-11,1947,0.1036273581063836
11,2017-05-12,1785,0.09678497999665876
12,2017-05-13,1555,0.08990905604909905
13,2017-05-14,1191,0.09832683333471397
14,2017-05-15,1577,0.09568288054708181
15,2017-05-16,1784,0.10612837044244827
16,2017-05-17,1910,0.09225870509391666
17,2017-05-18,2045,0.09762429487419354
18,2017-05-19,1969,0.09976947693735233
19,2017-05-20,1702,0.10578419241220445
20,2017-05-21,1773,0.09848356773529551
21,2017-05-22,2818,0.09943956691282198
22,2017-05-23,2441,0.10668072615019702
23,2017-05-24,2930,0.10812948914178999
24,2017-05-25,3381,0.10317789318928247
25,2017-05-26,2551,0.10038841707712373
26,2017-05-27,1874,0.1009337602459854
27,2017-05-28,1780,0.0960741596055539
28,2017-05-29,2069,0.10417997838142369
29,2017-05-30,2159,0.09584377448792368
30,2017-05-31,2324,0.09571303197222372
31,2017-06-01,2078,0.10242856156845769
32,2017-06-02,1721,0.10347731408384803
33,2017-06-03,1466,0.09435010456905081
34,2017-06-04,1663,0.10538521974583384
35,2017-06-05,1778,0.10553937901064654
36,2017-06-06,2431,0.10807946838852654
37,2017-06-07,2299,0.1094225831433723
38,2017-06-08,2084,0.11046900131853078
39,2017-06-09,1843,0.10319213819896438
40,2017-06-10,1699,0.1096222802382169
41,2017-06-11,1732,0.09698303675605557
42,2017-06-12,2385,0.09367785526604225
43,2017-06-13,2171,0.10503292670591308
44,2017-06-14,2122,0.09824062933693296
45,2017-06-15,2515,0.09305301036081136
46,2017-06-16,2069,0.09124385592525941
47,2017-06-17,1645,0.09911688933811288
48,2017-06-18,1592,0.09748099418643194
49,2017-06-19,1912,0.0915178787182506
50,2017-06-20,2234,0.09639470161142413
51,2017-06-21,2158,0.09285208068872779
52,2017-06-22,1851,0.0966825190934847
53,2017-06-23,2265,0.10164894305316761
54,2017-06-24,1416,0.10004108912305433
55,2017-06-25,1393,0.09401269857026368
56,2017-06-26,1727,0.09088783775028081
57,2017-06-27,1903,0.07738435780282267
58,2017-06-28,1643,0.09015865351143645
59,2017-06-29,1850,0.09892790588446605
60,2017-06-30,1538,0.11017529046905158
61,2017-07-01,1428,0.1095242327650881
62,2017-07-02,1287,0.09749171367928086
63,2017-07-03,1562,0.08556754166469942
64,2017-07-04,1291,0.0985934565539265
65,2017-07-05,1458,0.08968456868154008
66,2017-07-06,1755,0.10283645609574447
67,2017-07-07,1598,0.09379544014469814
68,2017-07-08,1303,0.08702263103961905
69,2017-07-09,1253,0.08834907551535366
70,2017-07-10,1565,0.09899368469504399
71,2017-07-11,1737,0.08963609387456457
72,2017-07-12,1747,0.10399588270693187
73,2017-07-13,1779,0.09239449515481696
74,2017-07-14,1896,0.0947600068351479
75,2017-07-15,1561,0.08974672384595953
76,2017-07-16,1667,0.08749345284550765
77,2017-07-17,1730,0.09285639945846175
78,2017-07-18,2060,0.10547114578084686
79,2017-07-19,1865,0.10156717369324217
80,2017-07-20,1948,0.09984342841832934
81,2017-07-21,2100,0.09905531746103814
82,2017-07-22,1712,0.10126384611417126
83,2017-07-23,1618,0.09638665009781727
84,2017-07-24,1960,0.09993394729273586
85,2017-07-25,2225,0.09829373202917849
86,2017-07-26,2205,0.10227511021085968
87,2017-07-27,2212,0.09512653771401378
88,2017-07-28,2254,0.09502373984497059
89,2017-07-29,1883,0.09477250101198534
90,2017-07-30,1721,0.08799838494314903
91,2017-07-31,2129,0.0930314692111353
92,2017-08-01,2823,0.09906592631880982
93,2017-08-02,3432,0.09645544076355604
94,2017-08-03,2977,0.09964899123235434
95,2017-08-04,2677,0.09956477883911917
96,2017-08-05,2574,0.10041975205933858
97,2017-08-06,2415,0.10169059607425777
98,2017-08-07,2729,0.0990624110718034
99,2017-08-08,2651,0.10843519133486179
100,2017-08-09,2417,0.09402134640991454
101,2017-08-10,2361,0.10477713202224286
102,2017-08-11,2908,0.09765107684246677
103,2017-08-12,2481,0.09942810871523577
104,2017-08-13,2844,0.10392828789044116
105,2017-08-14,3215,0.10101860724190913
106,2017-08-15,3178,0.1022169033965349
107,2017-08-16,2853,0.09826613224061273
108,2017-08-17,2729,0.09727119328011069
109,2017-08-18,3077,0.10128994847857477
110,2017-08-19,2741,0.09973725023508566
111,2017-08-20,2575,0.0976390973259173
112,2017-08-21,2414,0.09611502233327407
113,2017-08-22,3271,0.1252073604622664
114,2017-08-23,2769,0.10577442781563293
115,2017-08-24,2741,0.09930424249020446
116,2017-08-25,2977,0.09501706707049391
117,2017-08-26,2432,0.10117739091143144
118,2017-08-27,2186,0.09303179086247335
119,2017-08-28,2125,0.10009032085040262
120,2017-08-29,2557,0.09633273903141149
121,2017-08-30,2598,0.10680003813936771
122,2017-08-31,2819,0.10296851914570508
123,2017-09-01,2920,0.09818517625385957
124,2017-09-02,2342,0.09561795422789775
125,2017-09-03,1985,0.09922750041924643
126,2017-09-04,2549,0.12050990906151163
127,2017-09-05,2590,0.10721881806373346
128,2017-09-06,2471,0.09875911824880233
129,2017-09-07,2304,0.09938836335768797
130,2017-09-08,2556,0.08993387490612452
131,2017-09-09,1930,0.10781195636652993
132,2017-09-10,1877,0.08877496721058578
133,2017-09-11,2175,0.09288542995594483
134,2017-09-12,2509,0.09600024659708721
135,2017-09-13,3599,0.0880288008865778
136,2017-09-14,4172,0.09124734941109047
137,2017-09-15,6248,0.09570911398904364
138,2017-09-16,2235,0.0921251135323162
139,2017-09-17,2014,0.0936006569970215
140,2017-09-18,2498,0.10266733307208188
141,2017-09-19,2702,0.10459279954435262
142,2017-09-20,3021,0.09326462456028096
143,2017-09-21,2564,0.09557925200835513
144,2017-09-22,2271,0.09767139904842702
145,2017-09-23,1563,0.1007816206389844
146,2017-09-24,1880,0.10418396192113195
147,2017-09-25,2635,0.09013216582075222
148,2017-09-26,2284,0.09412453668241917
149,2017-09-27,2793,0.09769512632080407
150,2017-09-28,2879,0.10199193956024571
151,2017-09-29,2211,0.09550768435125216
152,2017-09-30,1950,0.08767660303914238
153,2017-10-01,2025,0.09243355406794254
154,2017-10-02,2311,0.1109969121581279
155,2017-10-03,2339,0.08652829296030821
156,2017-10-04,2044,0.10643054558209286
157,2017-10-05,2247,0.09185480346502627
158,2017-10-06,2293,0.09272040578530066
159,2017-10-07,1999,0.1006872930462424
160,2017-10-08,2313,0.0890158599065174
161,2017-10-09,2694,0.09851401637669588
162,2017-10-10,2672,0.1017511790143318
163,2017-10-11,2438,0.09715080404520807
164,2017-10-12,3396,0.1049665435548328
165,2017-10-13,4077,0.10297269040639581
166,2017-10-14,2732,0.10278982679944641
167,2017-10-15,2534,0.10621499209932528
168,2017-10-16,2763,0.0980437585100172
169,2017-10-17,3180,0.09489452148949912
170,2017-10-18,2865,0.1026417286735564
171,2017-10-19,2798,0.1055444080809592
172,2017-10-20,3296,0.10903498550922186
173,2017-10-21,3266,0.10305933110971954
174,2017-10-22,2965,0.10580729576949187
175,2017-10-23,3292,0.10245384317327241
176,2017-10-24,3372,0.10471448575962822
177,2017-10-25,3241,0.09425404044987813
178,2017-10-26,3418,0.10020574860049021
179,2017-10-27,3150,0.09975328569058148
180,2017-10-28,2318,0.10802372470731579
181,2017-10-29,2839,0.09687746075956873
182,2017-10-30,3280,0.10591322418127273
183,2017-10-31,4025,0.09455505975116284
184,2017-11-01,4245,0.0959939375946801
185,2017-11-02,5005,0.0954098956717081
186,2017-11-03,4474,0.0988685270790744
187,2017-11-04,3646,0.10356743694716528
188,2017-11-05,3695,0.09701574001064106
189,2017-11-06,3855,0.09657270481760659
190,2017-11-07,3866,0.09859973653005843
191,2017-11-08,4330,0.10532914489695581
192,2017-11-09,4007,0.10399395728917288
193,2017-11-10,5086,0.0984353945974594
194,2017-11-11,5014,0.09513848533058944
195,2017-11-12,5745,0.09334628494709032
196,2017-11-13,5767,0.08645327622419637
197,2017-11-14,5233,0.09205597694409336
198,2017-11-15,5278,0.09888158546564418
199,2017-11-16,5237,0.09963157739207583
200,2017-11-17,4738,0.09924344418855931
201,2017-11-18,3720,0.09442736670164613
202,2017-11-19,3832,0.0954709178001317
203,2017-11-20,4706,0.09572843560439423
204,2017-11-21,5199,0.09305878758924417
205,2017-11-22,4714,0.09494947412617866
206,2017-11-23,3904,0.10145930910227444
207,2017-11-24,4183,0.09712491401887853
208,2017-11-25,3512,0.09491852645019357
209,2017-11-26,6549,0.09616920944966356
210,2017-11-27,6710,0.09881434070748958
211,2017-11-28,7502,0.09826932295908139
212,2017-11-29,10163,0.09830678255396262
213,2017-11-30,8101,0.09193654002718993
214,2017-12-01,7586,0.10052060309949233
215,2017-12-02,5551,0.10183916796183266
216,2017-12-03,5591,0.09821329085680901
217,2017-12-04,6174,0.10227431845323422
218,2017-12-05,7141,0.09344871088785124
219,2017-12-06,8380,0.09505151061209208
220,2017-12-07,12959,0.09118023317610806
221,2017-12-08,12935,0.09338537468716983
222,2017-12-09,8258,0.09267434533410238
223,2017-12-10,8400,0.09301901368034611
224,2017-12-11,9088,0.0995240896302782
225,2017-12-12,9290,0.09496469522595448
226,2017-12-13,8333,0.09637150766954049
227,2017-12-14,7913,0.09342469336064776
228,2017-12-15,7001,0.09702727403935127
229,2017-12-16,6324,0.09526563116648996
230,2017-12-17,6065,0.09514596115109546
231,2017-12-18,7146,0.09924309557288391
232,2017-12-19,7804,0.09335178444959225
233,2017-12-20,11026,0.08699657988828412
234,2017-12-21,8535,0.08876668898727372
235,2017-12-22,11271,0.08388420298317899
236,2017-12-23,7493,0.08188014571991852
237,2017-12-24,6350,0.08659774333307338
238,2017-12-25,5717,0.07993590686141178
239,2017-12-26,5641,0.08518608065320556
240,2017-12-27,5919,0.08962549502111342
241,2017-12-28,5630,0.09007886244008219
242,2017-12-29,5211,0.08963197877304142
243,2017-12-30,5443,0.08825194321227288
244,2017-12-31,4625,0.09411215812187428
245,2018-01-01,3320,0.0979974068500482
246,2018-01-02,4630,0.1020660872378994
247,2018-01-03,4608,0.10424853202351414
248,2018-01-04,4867,0.09865116107773655
249,2018-01-05,5103,0.0958453848062752
250,2018-01-06,4259,0.09329772780522552
251,2018-01-07,5343,0.08007501600830993
252,2018-01-08,6159,0.08832111790588787
253,2018-01-09,5427,0.08968854027633674
254,2018-01-10,6109,0.09305042604252954
255,2018-01-11,5401,0.09453628736948663
256,2018-01-12,4724,0.08742219338910157
257,2018-01-13,3615,0.09509648637252614
258,2018-01-14,3550,0.09493490842707218
259,2018-01-15,4132,0.09635398819394646
260,2018-01-16,5749,0.0891017632864866
261,2018-01-17,7620,0.08798789177307446
262,2018-01-18,5450,0.09889092560821376
263,2018-01-19,4961,0.08637659294542216
264,2018-01-20,3889,0.09095371318617387
265,2018-01-21,4083,0.08716278603094699
266,2018-01-22,4867,0.094192129666387
267,2018-01-23,4378,0.09644503104907773
268,2018-01-24,4303,0.09644573573210816
269,2018-01-25,4165,0.09810708037123772
270,2018-01-26,4033,0.09790317541492737
271,2018-01-27,3313,0.09168410655458782
272,2018-01-28,3279,0.09888206349319019
273,2018-01-29,3791,0.09217229382584213
274,2018-01-30,3761,0.09615716663411437
275,2018-01-31,4019,0.0941153632561854
276,2018-02-01,5330,0.09047638996425751
277,2018-02-02,5741,0.09217694583267982
278,2018-02-03,3901,0.08614265146134621
279,2018-02-04,4148,0.08458735962094859
280,2018-02-05,5248,0.09316255453214267
281,2018-02-06,6006,0.08978112514050167
282,2018-02-07,4097,0.09230007490818917
283,2018-02-08,3760,0.09810598703279585
284,2018-02-09,3515,0.09942426768586288
285,2018-02-10,2637,0.09816194837570232
286,2018-02-11,2583,0.08675479914027223
287,2018-02-12,3247,0.09608850176484457
288,2018-02-13,3209,0.09278219207890472
289,2018-02-14,3172,0.09307974555312971
290,2018-02-15,2983,0.10066039224475887
291,2018-02-16,2803,0.09829809565334807
292,2018-02-17,2309,0.10221527827214448
293,2018-02-18,2707,0.09515805162809939
294,2018-02-19,2675,0.09466438954101838
295,2018-02-20,2919,0.09811983919833378
296,2018-02-21,2939,0.09711172301741405
297,2018-02-22,2746,0.09868096087740907
298,2018-02-23,2463,0.09341547144847334
299,2018-02-24,2310,0.08657756136063324
300,2018-02-25,2181,0.09155567360226374
301,2018-02-26,2461,0.09759658976444091
302,2018-02-27,3163,0.08287362639566445
303,2018-02-28,2924,0.09744059187315458
304,2018-03-01,2521,0.10310133870630371
305,2018-03-02,2372,0.09649010092077837
306,2018-03-03,2218,0.1024383411535449
307,2018-03-04,1849,0.09285462254066473
308,2018-03-05,2414,0.09580479657306933
309,2018-03-06,2701,0.09538959450676454
310,2018-03-07,2770,0.09809397342902425
311,2018-03-08,3119,0.09470918889785604
312,2018-03-09,3158,0.09333320616270818
313,2018-03-10,2288,0.09746247934726136
314,2018-03-11,2034,0.0911987794923529
315,2018-03-12,2488,0.10211430113154123
316,2018-03-13,2372,0.10445367752097506
317,2018-03-14,2712,0.10642959887308112
318,2018-03-15,3039,0.09566680026183602
319,2018-03-16,2676,0.10797528605150805
320,2018-03-17,2011,0.09106360924696283
321,2018-03-18,2246,0.1018367543411173
322,2018-03-19,2134,0.11163254934651942
323,2018-03-20,2831,0.09550683467497553
324,2018-03-21,2570,0.0939978992547248
325,2018-03-22,2313,0.10033332025020203
326,2018-03-23,2024,0.1123294656115316
327,2018-03-24,1615,0.1123568060614684
328,2018-03-25,1525,0.1151675554561091
329,2018-03-26,2205,0.10698707867235362
330,2018-03-27,2256,0.0992672670757193
331,2018-03-28,2202,0.09855208749595078
332,2018-03-29,2447,0.0929780296454843
333,2018-03-30,2660,0.10401713428239451
334,2018-03-31,2052,0.10048138147753548
335,2018-04-01,1899,0.08974183290417106
336,2018-04-02,2094,0.10564421022710126
337,2018-04-03,2165,0.1026349344712601
338,2018-04-04,2230,0.10123887264981196
339,2018-04-05,2315,0.09924873457987858
340,2018-04-06,2323,0.10720157092389125
341,2018-04-07,1520,0.10593656189530208
342,2018-04-08,1865,0.10018059944913106
343,2018-04-09,2295,0.10370097796450356
344,2018-04-10,1992,0.09928936809762216
345,2018-04-11,2074,0.10013964729927365
346,2018-04-12,2166,0.09961719404282998
347,2018-04-13,2102,0.1097735202488805
348,2018-04-14,1530,0.09774787731148957
349,2018-04-15,1633,0.09387498150948784
350,2018-04-16,1776,0.10079100053987945
351,2018-04-17,2166,0.11140983723041477
352,2018-04-18,1798,0.10948213526490463
353,2018-04-19,1972,0.1106893848293553
354,2018-04-20,1925,0.1080132417649
355,2018-04-21,1495,0.09965582498321836
356,2018-04-22,1565,0.10653983343004521
357,2018-04-23,1923,0.11583738785849361
358,2018-04-24,2627,0.10021457464118329
359,2018-04-25,2408,0.10285571102198998
360,2018-04-26,2263,0.10144820997917138
361,2018-04-27,2340,0.10419087943464879
362,2018-04-28,2061,0.09555248316258963
363,2018-04-29,1925,0.10025197687115041
364,2018-04-30,1838,0.11214576727741637
365,2018-05-01,196,0.10016408381618128
